filename,width,height,class,xmin,ymin,xmax,ymax
1000.jpg,870,1110,teeshirt,129,208,693,986
1001.jpg,640,821,teeshirt,138,170,512,647
1002.jpg,1000,990,teeshirt,155,1,849,804
1003.jpg,800,1000,teeshirt,45,107,735,878
1005.jpg,1001,1400,teeshirt,257,204,755,861
1007.jpg,626,800,teeshirt,68,118,578,664
1009.jpg,445,543,teeshirt,124,95,396,489
1010.jpg,560,694,teeshirt,122,98,438,621
1011.jpg,871,1110,teeshirt,7,234,529,947
1012.jpg,1080,1620,teeshirt,93,255,1006,1342
1013.jpg,800,1000,teeshirt,114,101,733,834
1014.jpg,1001,1400,teeshirt,278,225,755,878
1015.jpg,980,1306,teeshirt,165,335,849,1193
1016.jpg,626,800,teeshirt,105,118,545,666
1017.jpg,599,900,teeshirt,192,188,527,747
1018.jpg,445,543,teeshirt,143,117,430,510
1019.jpg,870,1110,teeshirt,129,227,739,1049
1021.jpg,900,1200,teeshirt,85,69,803,1073
1022.jpg,626,800,teeshirt,89,106,564,659
1023.jpg,871,1110,teeshirt,332,251,776,861
1024.jpg,800,1000,teeshirt,35,151,776,856
1025.jpg,870,1110,teeshirt,35,234,612,962
1029.jpg,871,1110,teeshirt,259,293,751,1073
1030.jpg,640,821,teeshirt,152,170,518,669
1031.jpg,1000,990,teeshirt,165,1,856,854
1032.jpg,800,1000,teeshirt,74,107,745,872
1034.jpg,1001,1400,teeshirt,233,214,842,942
1036.jpg,626,800,teeshirt,42,112,595,695
1038.jpg,445,543,teeshirt,32,81,338,533
1039.jpg,560,694,teeshirt,100,120,489,604
1040.jpg,871,1110,teeshirt,200,232,749,920
1041.jpg,800,1000,teeshirt,67,112,745,886
1042.jpg,1001,1400,teeshirt,267,227,744,874
1043.jpg,980,1306,teeshirt,1,5,980,1306
1044.jpg,626,800,teeshirt,96,111,539,653
1045.jpg,600,900,teeshirt,7,217,593,866
1046.jpg,445,543,teeshirt,86,109,367,505
1047.jpg,871,1110,teeshirt,7,186,671,939
1048.jpg,222,333,teeshirt,15,38,216,292
1049.jpg,900,1200,teeshirt,54,67,838,1085
1050.jpg,626,800,teeshirt,57,108,581,656
1051.jpg,871,1110,teeshirt,242,274,871,1043
1053.jpg,871,1110,teeshirt,264,188,807,922
1057.jpg,870,1110,teeshirt,10,256,529,971
1058.jpg,640,821,teeshirt,139,115,494,634
1059.jpg,1000,990,teeshirt,155,48,857,990
1060.jpg,800,1000,teeshirt,65,112,741,869
1062.jpg,1001,1400,teeshirt,244,225,757,869
1064.jpg,626,800,teeshirt,56,114,579,692
1066.jpg,560,694,teeshirt,105,114,472,575
1067.jpg,871,1110,teeshirt,208,229,779,935
1068.jpg,800,1000,teeshirt,55,133,742,862
1069.jpg,1001,1400,teeshirt,246,223,748,855
1070.jpg,980,1306,teeshirt,153,341,877,1205
1071.jpg,626,800,teeshirt,105,119,540,674
1072.jpg,600,900,teeshirt,101,148,566,877
1073.jpg,445,543,teeshirt,99,114,347,485
1074.jpg,871,1110,teeshirt,439,229,871,889
1075.jpg,222,333,teeshirt,4,33,217,303
1076.jpg,900,1200,teeshirt,80,65,820,1062
1077.jpg,626,800,teeshirt,62,116,572,658
1078.jpg,870,1110,teeshirt,173,159,820,871
1079.jpg,800,1000,teeshirt,36,139,765,868
1080.jpg,870,1110,teeshirt,239,178,707,910
1084.jpg,871,1110,teeshirt,18,224,500,861
1085.jpg,640,821,teeshirt,62,124,578,785
1086.jpg,1000,990,teeshirt,121,10,855,990
1087.jpg,800,1000,teeshirt,49,119,744,863
1089.jpg,1001,1400,teeshirt,255,204,740,865
1091.jpg,626,800,teeshirt,72,114,574,670
1093.jpg,560,694,teeshirt,83,104,488,599
1094.jpg,870,1110,teeshirt,115,217,695,966
1095.jpg,800,1000,teeshirt,67,122,733,880
1096.jpg,1001,1400,teeshirt,272,206,748,861
1097.jpg,980,1306,teeshirt,15,393,901,1255
1098.jpg,626,800,teeshirt,66,116,567,658
1099.jpg,600,900,teeshirt,114,263,556,900
1100.jpg,445,543,teeshirt,94,119,424,523
1101.jpg,871,1110,teeshirt,132,301,769,1017
1102.jpg,222,333,teeshirt,2,38,222,295
1103.jpg,900,1200,teeshirt,52,65,860,1176
1104.jpg,626,800,teeshirt,91,114,551,646
1105.jpg,870,1110,teeshirt,310,235,818,873
1106.jpg,800,1000,teeshirt,59,136,749,886
1107.jpg,871,1110,teeshirt,179,203,668,1027
1110.jpg,871,1110,teeshirt,339,200,871,927
1111.jpg,640,821,teeshirt,154,124,504,622
1112.jpg,1000,990,teeshirt,197,11,834,990
1113.jpg,800,1000,teeshirt,91,103,752,868
1115.jpg,1001,1400,teeshirt,263,221,774,904
1118.jpg,560,694,teeshirt,109,107,442,605
1119.jpg,871,1110,teeshirt,93,205,720,952
1120.jpg,800,1000,teeshirt,73,115,744,892
1121.jpg,1001,1400,teeshirt,257,225,744,867
1122.jpg,980,1306,teeshirt,15,65,815,1209
1123.jpg,626,800,teeshirt,51,109,581,666
1124.jpg,600,900,teeshirt,1,136,600,893
1125.jpg,445,543,teeshirt,52,117,362,515
1126.jpg,871,1110,teeshirt,349,266,871,1006
1127.jpg,222,333,teeshirt,8,50,217,283
1128.jpg,900,1200,teeshirt,74,60,823,1063
1129.jpg,626,800,teeshirt,89,117,579,666
1130.jpg,871,1110,teeshirt,288,159,703,932
1131.jpg,800,1000,teeshirt,55,124,767,896
1132.jpg,871,1110,teeshirt,40,269,544,903
1133.jpg,900,1200,teeshirt,18,176,874,1023
1135.jpg,870,1110,teeshirt,222,235,705,954
1136.jpg,640,820,teeshirt,129,129,537,607
1137.jpg,1000,990,teeshirt,163,1,709,731
1138.jpg,800,1000,teeshirt,83,118,739,871
1139.jpg,900,1200,teeshirt,29,53,843,1169
1140.jpg,1001,1400,teeshirt,250,206,770,867
1143.jpg,560,694,teeshirt,124,111,448,578
1144.jpg,871,1110,teeshirt,144,237,622,922
1145.jpg,800,1000,teeshirt,82,115,745,869
1146.jpg,1001,1400,teeshirt,274,225,742,872
1148.jpg,626,800,teeshirt,58,108,558,653
1149.jpg,600,900,teeshirt,114,215,577,697
1150.jpg,445,543,teeshirt,40,180,445,542
1151.jpg,871,1110,teeshirt,201,261,696,912
1152.jpg,222,333,teeshirt,3,31,216,294
1153.jpg,900,1200,teeshirt,42,69,845,1149
1154.jpg,626,800,teeshirt,79,108,575,694
1155.jpg,870,1110,teeshirt,185,281,739,996
1156.jpg,800,1000,teeshirt,59,143,773,860
1157.jpg,870,1110,teeshirt,227,234,778,868
1160.jpg,870,1110,teeshirt,151,244,681,988
1161.jpg,1000,990,teeshirt,177,1,855,690
1162.jpg,800,1000,teeshirt,68,110,735,856
1164.jpg,1001,1400,teeshirt,263,199,753,880
1167.jpg,560,694,teeshirt,142,146,430,549
1168.jpg,870,1110,teeshirt,1,256,522,1001
1169.jpg,800,1000,teeshirt,71,109,744,872
1170.jpg,1001,1400,teeshirt,231,223,740,872
1172.jpg,626,800,teeshirt,100,107,533,663
1173.jpg,600,900,teeshirt,1,263,434,900
1174.jpg,445,543,teeshirt,110,118,392,528
1175.jpg,871,1110,teeshirt,129,178,586,840
1176.jpg,222,333,teeshirt,4,56,214,278
1177.jpg,900,1200,teeshirt,43,73,858,1154
1178.jpg,626,800,teeshirt,98,116,563,663
1179.jpg,871,1110,teeshirt,73,251,642,890
1180.jpg,800,1000,teeshirt,71,159,735,877
1181.jpg,870,1110,teeshirt,208,271,870,941
1184.jpg,870,1110,teeshirt,388,244,870,986
1185.jpg,1000,990,teeshirt,169,1,823,587
1186.jpg,800,1000,teeshirt,79,115,749,862
1188.jpg,1001,1400,teeshirt,255,212,772,863
1191.jpg,560,694,teeshirt,120,103,448,573
1192.jpg,870,1110,teeshirt,251,203,829,800
1193.jpg,800,1000,teeshirt,58,104,750,875
1194.jpg,1001,1400,teeshirt,272,218,750,872
1195.jpg,980,1306,teeshirt,1,125,719,948
1196.jpg,600,900,teeshirt,11,236,600,872
1197.jpg,445,543,teeshirt,44,198,445,521
1198.jpg,871,1110,teeshirt,34,254,661,930
1199.jpg,222,333,teeshirt,8,44,213,290
1200.jpg,900,1200,teeshirt,56,54,831,1058
1201.jpg,626,800,teeshirt,77,117,537,662
1202.jpg,871,1110,teeshirt,205,276,776,1025
1203.jpg,800,1000,teeshirt,39,140,767,863
1204.jpg,870,1110,teeshirt,178,251,618,1001
1207.jpg,870,1110,teeshirt,110,262,569,934
1208.jpg,1000,990,teeshirt,164,93,879,990
1209.jpg,800,1000,teeshirt,61,119,739,865
1211.jpg,1001,1400,teeshirt,244,195,750,867
1214.jpg,560,694,teeshirt,139,142,419,550
1215.jpg,871,1110,teeshirt,81,208,588,937
1216.jpg,800,1000,teeshirt,53,124,744,857
1217.jpg,1001,1400,teeshirt,257,221,738,861
1218.jpg,980,1306,teeshirt,1,151,859,1301
1219.jpg,600,900,teeshirt,155,178,508,784
1220.jpg,445,543,teeshirt,66,149,386,515
1221.jpg,871,1110,teeshirt,22,234,642,820
1222.jpg,222,333,teeshirt,14,43,216,293
1223.jpg,900,1125,teeshirt,72,57,822,1031
1224.jpg,626,800,teeshirt,77,119,552,659
1225.jpg,871,1110,teeshirt,246,249,732,1007
1226.jpg,800,1000,teeshirt,55,156,762,837
1227.jpg,871,1110,teeshirt,257,227,803,932
1230.jpg,870,1110,teeshirt,186,234,756,947
1232.jpg,800,1000,teeshirt,62,119,745,877
1234.jpg,1001,1400,teeshirt,263,229,742,855
1237.jpg,560,694,teeshirt,95,116,483,597
1238.jpg,870,1110,teeshirt,7,179,551,879
1239.jpg,800,1000,teeshirt,70,121,756,846
1240.jpg,1001,1400,teeshirt,257,227,761,901
1241.jpg,980,1306,teeshirt,65,179,893,1157
1242.jpg,600,900,teeshirt,77,271,529,692
1243.jpg,445,543,teeshirt,97,130,370,484
1244.jpg,870,1110,teeshirt,215,279,868,940
1245.jpg,222,333,teeshirt,8,43,214,292
1246.jpg,900,1200,teeshirt,42,76,874,1105
1247.jpg,626,800,teeshirt,80,116,553,670
1248.jpg,871,1110,teeshirt,203,239,830,893
1249.jpg,800,1000,teeshirt,41,125,753,856
1250.jpg,871,1110,teeshirt,71,257,776,932
1253.jpg,870,1110,teeshirt,261,257,870,990
1255.jpg,800,1000,teeshirt,73,122,739,859
1257.jpg,1001,1400,teeshirt,244,231,767,869
1260.jpg,560,694,teeshirt,69,122,480,577
1261.jpg,870,1110,teeshirt,24,71,656,739
1262.jpg,800,1000,teeshirt,91,116,726,868
1263.jpg,1001,1400,teeshirt,255,227,761,878
1264.jpg,980,1306,teeshirt,57,179,911,1239
1265.jpg,600,900,teeshirt,134,281,538,804
1266.jpg,445,543,teeshirt,62,127,381,518
1267.jpg,870,1110,teeshirt,100,251,624,954
1268.jpg,222,333,teeshirt,8,40,221,296
1269.jpg,900,1200,teeshirt,42,69,847,1138
1270.jpg,626,800,teeshirt,94,116,557,673
1271.jpg,870,1110,teeshirt,208,246,751,944
1272.jpg,800,1000,teeshirt,49,143,747,881
1273.jpg,871,1110,teeshirt,134,283,747,883
1276.jpg,870,1110,teeshirt,113,235,664,903
1278.jpg,800,1000,teeshirt,64,125,736,868
1280.jpg,1001,1400,teeshirt,240,216,744,863
1283.jpg,560,694,teeshirt,83,131,478,617
1284.jpg,870,1110,teeshirt,142,279,685,1008
1285.jpg,800,1000,teeshirt,73,113,742,871
1286.jpg,1001,1400,teeshirt,238,206,748,861
1287.jpg,980,1306,teeshirt,53,227,945,1193
1288.jpg,600,900,teeshirt,97,229,544,804
1289.jpg,445,543,teeshirt,50,138,363,504
1290.jpg,870,1110,teeshirt,49,212,520,964
1291.jpg,222,333,teeshirt,9,38,215,295
1292.jpg,900,1200,teeshirt,71,83,822,1078
1293.jpg,626,800,teeshirt,111,112,520,674
1294.jpg,871,1110,teeshirt,476,329,871,957
1295.jpg,800,1000,teeshirt,29,90,792,892
1296.jpg,871,1110,teeshirt,79,230,657,1020
1299.jpg,871,1110,teeshirt,51,246,710,881
1301.jpg,800,1000,teeshirt,71,159,721,866
1303.jpg,1001,1400,teeshirt,225,225,738,861
1306.jpg,560,694,teeshirt,85,123,475,575
1307.jpg,870,1110,teeshirt,356,266,859,932
1308.jpg,800,1000,teeshirt,71,124,747,874
1309.jpg,1001,1400,teeshirt,267,210,755,865
1310.jpg,980,1306,teeshirt,107,153,887,1237
1311.jpg,600,900,teeshirt,94,228,537,791
1312.jpg,445,543,teeshirt,148,126,418,482
1313.jpg,870,1110,teeshirt,249,269,842,1024
1314.jpg,222,333,teeshirt,7,48,214,291
1315.jpg,900,1200,teeshirt,38,76,847,1093
1316.jpg,626,800,teeshirt,56,114,574,661
1317.jpg,870,1110,teeshirt,22,285,508,822
1318.jpg,800,1000,teeshirt,33,154,779,856
1319.jpg,871,1110,teeshirt,369,201,862,868
1322.jpg,870,1110,teeshirt,66,257,649,896
1323.jpg,1000,990,teeshirt,133,1,923,601
1324.jpg,800,1000,teeshirt,41,127,752,868
1326.jpg,1001,1400,teeshirt,250,210,742,897
1329.jpg,560,694,teeshirt,89,121,459,570
1330.jpg,870,1110,teeshirt,400,244,870,929
1331.jpg,800,1000,teeshirt,82,122,721,840
1332.jpg,1001,1400,teeshirt,282,227,731,865
1333.jpg,980,1306,teeshirt,97,115,731,885
1334.jpg,600,900,teeshirt,85,266,551,756
1335.jpg,445,543,teeshirt,67,129,364,498
1336.jpg,870,1110,teeshirt,1,207,498,925
1337.jpg,222,333,teeshirt,14,42,216,303
1338.jpg,900,1200,teeshirt,65,69,842,1091
1339.jpg,626,800,teeshirt,47,111,590,668
1340.jpg,871,1110,teeshirt,186,261,757,907
1341.jpg,800,1000,teeshirt,70,153,745,825
1342.jpg,871,1110,teeshirt,430,203,871,825
1345.jpg,870,1110,teeshirt,25,295,505,968
1346.jpg,1000,990,teeshirt,152,104,859,990
1347.jpg,800,1000,teeshirt,85,115,730,884
1349.jpg,1001,1400,teeshirt,231,223,750,906
1352.jpg,560,694,teeshirt,70,119,481,573
1353.jpg,870,1110,teeshirt,301,215,669,917
1354.jpg,800,1000,teeshirt,64,121,759,871
1355.jpg,1001,1400,teeshirt,255,257,755,880
1356.jpg,980,1306,teeshirt,137,413,787,1213
1357.jpg,600,900,teeshirt,66,256,567,838
1358.jpg,445,543,teeshirt,91,148,397,482
1359.jpg,870,1110,teeshirt,129,285,681,957
1360.jpg,222,333,teeshirt,14,46,212,285
1361.jpg,900,1200,teeshirt,63,63,845,1154
1362.jpg,626,800,teeshirt,51,106,561,642
1363.jpg,871,1110,teeshirt,401,295,871,955
1364.jpg,800,1000,teeshirt,30,125,780,845
1365.jpg,870,1110,teeshirt,185,234,601,879
1368.jpg,871,1110,teeshirt,291,283,744,891
1369.jpg,1000,990,teeshirt,139,61,870,990
1370.jpg,800,1000,teeshirt,77,116,742,877
1372.jpg,1001,1400,teeshirt,240,216,759,855
1375.jpg,560,694,teeshirt,77,111,483,591
1376.jpg,871,1110,teeshirt,190,229,703,1027
1377.jpg,800,1000,teeshirt,80,115,750,839
1378.jpg,1001,1400,teeshirt,263,233,793,893
1379.jpg,980,1306,teeshirt,201,7,980,795
1380.jpg,600,900,teeshirt,157,148,456,463
1381.jpg,445,543,teeshirt,75,147,399,522
1382.jpg,870,1110,teeshirt,256,278,734,920
1383.jpg,222,333,teeshirt,9,36,214,295
1384.jpg,900,1200,teeshirt,45,62,865,1160
1385.jpg,626,800,teeshirt,39,107,579,658
1386.jpg,870,1110,teeshirt,162,237,724,934
1387.jpg,800,1000,teeshirt,49,143,752,887
1388.jpg,870,1110,teeshirt,96,264,671,961
1391.jpg,870,1110,teeshirt,95,262,622,917
1393.jpg,800,1000,teeshirt,71,121,729,877
1395.jpg,1001,1400,teeshirt,242,229,740,867
1398.jpg,560,694,teeshirt,112,109,456,584
1399.jpg,870,1110,teeshirt,344,242,846,947
1400.jpg,800,1000,teeshirt,52,110,761,890
1401.jpg,1001,1400,teeshirt,255,214,782,893
1402.jpg,980,1306,teeshirt,113,343,837,1201
1403.jpg,600,900,teeshirt,67,258,572,821
1404.jpg,445,543,teeshirt,84,118,372,471
1405.jpg,871,1110,teeshirt,268,259,656,868
1406.jpg,222,333,teeshirt,11,34,219,301
1407.jpg,900,1200,teeshirt,54,51,878,1129
1408.jpg,626,800,teeshirt,53,116,580,674
1409.jpg,870,1110,teeshirt,132,252,635,939
1410.jpg,800,1000,teeshirt,12,101,771,881
1411.jpg,871,1110,teeshirt,186,278,605,1088
1412.jpg,900,1125,teeshirt,79,81,827,1079
1414.jpg,871,1110,teeshirt,224,235,735,847
1416.jpg,800,1000,teeshirt,64,137,729,884
1418.jpg,1001,1400,teeshirt,253,216,761,878
1421.jpg,560,694,teeshirt,110,117,456,589
1422.jpg,871,1110,teeshirt,346,225,871,1001
1423.jpg,800,1000,teeshirt,70,107,739,869
1424.jpg,1001,1400,teeshirt,255,223,748,855
1425.jpg,980,1306,teeshirt,205,1,968,865
1426.jpg,600,900,teeshirt,1,260,555,894
1427.jpg,445,543,teeshirt,46,122,409,457
1428.jpg,871,1110,teeshirt,59,254,625,881
1429.jpg,222,333,teeshirt,7,50,216,289
1430.jpg,900,1200,teeshirt,20,76,854,1200
1431.jpg,626,800,teeshirt,70,114,564,656
1432.jpg,870,1110,teeshirt,232,247,762,810
1433.jpg,800,1000,teeshirt,42,148,764,851
1434.jpg,870,1110,teeshirt,64,261,639,905
1437.jpg,870,1110,teeshirt,227,273,708,924
1438.jpg,1000,990,teeshirt,94,98,939,990
1439.jpg,800,1000,teeshirt,91,112,712,863
1441.jpg,1001,1400,teeshirt,255,216,778,904
1444.jpg,560,694,teeshirt,98,114,459,582
1445.jpg,871,1110,teeshirt,68,274,632,993
1446.jpg,800,1000,teeshirt,65,110,732,862
1447.jpg,1001,1400,teeshirt,250,225,759,859
1448.jpg,980,1306,teeshirt,135,495,847,1085
1449.jpg,600,900,teeshirt,55,249,589,900
1450.jpg,445,543,teeshirt,72,142,386,512
1451.jpg,870,1110,teeshirt,5,303,508,917
1452.jpg,222,333,teeshirt,11,33,215,315
1453.jpg,900,1200,teeshirt,38,54,847,1169
1454.jpg,871,1110,teeshirt,37,232,481,773
1455.jpg,800,1000,teeshirt,21,98,773,869
1456.jpg,870,1110,teeshirt,362,271,862,915
1459.jpg,870,1110,teeshirt,332,256,712,820
1460.jpg,1000,990,teeshirt,145,158,880,990
1461.jpg,800,1000,teeshirt,71,106,747,856
1463.jpg,1001,1400,teeshirt,261,206,780,855
1466.jpg,560,694,teeshirt,64,107,512,590
1467.jpg,871,1110,teeshirt,22,247,661,864
1468.jpg,800,1000,teeshirt,47,122,732,860
1469.jpg,1001,1400,teeshirt,274,212,748,884
1470.jpg,980,1306,teeshirt,117,417,925,1211
1471.jpg,600,900,teeshirt,12,247,567,826
1472.jpg,445,543,teeshirt,77,142,357,492
1473.jpg,870,1110,teeshirt,340,232,825,890
1474.jpg,222,333,teeshirt,15,27,215,306
1475.jpg,900,1200,teeshirt,60,69,814,1034
1476.jpg,870,1110,teeshirt,68,308,644,1034
1477.jpg,800,1000,teeshirt,39,119,767,874
1478.jpg,871,1110,teeshirt,190,286,744,946
1481.jpg,870,1110,teeshirt,176,317,617,940
1483.jpg,800,1000,teeshirt,49,125,739,881
1485.jpg,1001,1400,teeshirt,240,216,744,876
1488.jpg,560,694,teeshirt,110,121,463,590
1489.jpg,870,1110,teeshirt,186,218,679,979
1490.jpg,800,1000,teeshirt,59,106,752,863
1491.jpg,1001,1400,teeshirt,263,225,735,880
1492.jpg,600,900,teeshirt,137,248,577,796
1493.jpg,445,543,teeshirt,62,144,400,501
1494.jpg,870,1110,teeshirt,25,285,696,929
1495.jpg,222,333,teeshirt,12,43,214,294
1496.jpg,900,1200,teeshirt,62,42,814,1080
1497.jpg,870,1110,teeshirt,110,234,630,935
1498.jpg,800,1000,teeshirt,29,103,774,854
1499.jpg,870,1110,teeshirt,313,268,818,942
1502.jpg,870,1110,teeshirt,215,222,732,922
1503.jpg,1000,990,teeshirt,167,1,783,619
1504.jpg,800,1000,teeshirt,77,131,732,869
1506.jpg,1001,1400,teeshirt,261,221,740,855
1509.jpg,560,694,teeshirt,73,131,518,579
1510.jpg,870,1110,teeshirt,118,235,840,834
1511.jpg,800,1000,teeshirt,80,112,747,865
1512.jpg,1001,1400,teeshirt,259,229,770,880
1513.jpg,600,900,teeshirt,40,270,568,752
1514.jpg,445,543,teeshirt,146,126,432,431
1515.jpg,870,1110,teeshirt,66,290,696,957
1516.jpg,222,333,teeshirt,9,45,214,285
1517.jpg,900,1200,teeshirt,71,71,832,1103
1518.jpg,871,1110,teeshirt,154,232,707,968
1519.jpg,800,1000,teeshirt,35,168,795,877
1520.jpg,870,1110,teeshirt,52,293,700,924
1523.jpg,870,1110,teeshirt,79,274,610,898
1524.jpg,1000,990,teeshirt,156,78,852,990
1525.jpg,800,1000,teeshirt,105,124,720,869
1527.jpg,1001,1400,teeshirt,265,178,748,891
1530.jpg,560,694,teeshirt,92,134,457,579
1531.jpg,870,1110,teeshirt,247,254,837,962
1532.jpg,800,1000,teeshirt,52,110,724,878
1533.jpg,1001,1400,teeshirt,253,225,757,895
1534.jpg,600,900,teeshirt,134,236,511,782
1535.jpg,445,543,teeshirt,95,133,372,457
1536.jpg,871,1110,teeshirt,7,268,549,1027
1537.jpg,222,333,teeshirt,3,40,220,291
1538.jpg,900,1200,teeshirt,49,63,840,1082
1539.jpg,871,1110,teeshirt,64,234,695,871
1540.jpg,800,1000,teeshirt,52,154,768,850
1541.jpg,871,1110,teeshirt,186,246,751,959
1544.jpg,870,1110,teeshirt,222,229,762,979
1545.jpg,1000,990,teeshirt,136,105,918,987
1546.jpg,800,1000,teeshirt,102,139,732,860
1548.jpg,1001,1400,teeshirt,259,225,776,863
1551.jpg,560,694,teeshirt,136,137,418,553
1552.jpg,870,1110,teeshirt,117,249,632,798
1553.jpg,800,1000,teeshirt,67,131,729,890
1554.jpg,1001,1400,teeshirt,265,208,806,982
1555.jpg,600,900,teeshirt,149,255,600,813
1556.jpg,445,543,teeshirt,111,152,426,520
1557.jpg,870,1110,teeshirt,46,246,640,942
1558.jpg,222,333,teeshirt,5,34,214,295
1559.jpg,900,1200,teeshirt,58,62,805,1062
1560.jpg,870,1110,teeshirt,120,178,607,825
1561.jpg,800,1000,teeshirt,14,118,792,848
1562.jpg,871,1110,teeshirt,64,274,715,846
1565.jpg,871,1110,teeshirt,117,274,605,949
1566.jpg,1000,990,teeshirt,145,196,886,990
1567.jpg,800,1000,teeshirt,97,137,729,875
1569.jpg,1001,1400,teeshirt,233,216,765,859
1572.jpg,560,694,teeshirt,138,140,424,557
1573.jpg,870,1110,teeshirt,57,257,617,951
1574.jpg,800,1000,teeshirt,45,137,735,851
1575.jpg,1001,1400,teeshirt,272,244,744,859
1576.jpg,600,900,teeshirt,156,8,600,681
1577.jpg,445,543,teeshirt,82,139,362,461
1578.jpg,870,1110,teeshirt,91,285,727,971
1579.jpg,222,333,teeshirt,7,47,216,284
1580.jpg,900,1200,teeshirt,29,73,834,1122
1581.jpg,870,1110,teeshirt,113,295,730,890
1582.jpg,800,1000,teeshirt,49,107,764,901
1583.jpg,870,1110,teeshirt,296,249,870,953
1586.jpg,870,1110,teeshirt,135,288,724,1052
1588.jpg,800,1000,teeshirt,88,127,720,869
1589.jpg,900,1200,teeshirt,60,111,822,1133
1590.jpg,1001,1400,teeshirt,255,216,740,855
1593.jpg,560,694,teeshirt,94,116,479,587
1594.jpg,870,1110,teeshirt,30,240,551,930
1595.jpg,800,1000,teeshirt,53,107,730,862
1596.jpg,1001,1400,teeshirt,276,225,740,861
1597.jpg,600,900,teeshirt,41,251,600,655
1598.jpg,445,543,teeshirt,47,128,318,484
1599.jpg,870,1110,teeshirt,132,281,768,973
1600.jpg,222,333,teeshirt,16,61,202,275
236.jpg,222,333,teeshirt,11,34,214,306
237.jpg,800,1000,teeshirt,65,112,736,862
239.jpg,626,800,teeshirt,142,106,496,666
240.jpg,1001,1400,teeshirt,250,214,750,855
242.jpg,626,800,teeshirt,108,103,525,651
244.jpg,445,543,teeshirt,38,117,348,527
245.jpg,560,694,teeshirt,137,141,435,550
246.jpg,871,1110,teeshirt,22,203,674,952
247.jpg,1080,1620,teeshirt,148,182,948,1410
248.jpg,800,1000,teeshirt,61,134,730,857
249.jpg,1001,1400,teeshirt,263,208,763,872
250.jpg,980,1306,teeshirt,89,391,783,1191
251.jpg,760,1177,teeshirt,32,186,727,993
252.jpg,626,800,teeshirt,86,109,551,650
253.jpg,600,900,teeshirt,61,18,500,841
254.jpg,445,543,teeshirt,31,95,331,500
255.jpg,870,1110,teeshirt,96,259,700,1035
256.jpg,222,333,teeshirt,8,40,219,298
257.jpg,800,1000,teeshirt,83,122,753,871
258.jpg,900,1200,teeshirt,38,60,867,1171
259.jpg,980,1306,teeshirt,1,219,978,1306
260.jpg,626,800,teeshirt,92,113,531,676
261.jpg,445,543,teeshirt,94,114,444,522
262.jpg,870,1110,teeshirt,235,262,756,852
263.jpg,800,1000,teeshirt,41,112,738,887
264.jpg,980,1306,teeshirt,1,1,779,1055
265.jpg,445,543,teeshirt,62,128,367,527
266.jpg,800,1000,teeshirt,38,134,764,868
267.jpg,871,1110,teeshirt,157,222,768,968
268.jpg,1001,1400,teeshirt,255,193,742,863
269.jpg,980,1306,teeshirt,145,249,819,1171
270.jpg,980,1306,teeshirt,63,4,980,967
271.jpg,900,1200,teeshirt,58,83,840,1096
274.jpg,870,1110,teeshirt,201,217,786,1000
275.jpg,640,821,teeshirt,147,116,515,619
276.jpg,600,900,teeshirt,86,201,511,759
277.jpg,1000,990,teeshirt,132,13,862,990
279.jpg,800,1000,teeshirt,64,104,744,862
281.jpg,626,800,teeshirt,145,116,498,658
282.jpg,1001,1400,teeshirt,244,195,763,889
284.jpg,626,800,teeshirt,73,106,564,648
286.jpg,445,543,teeshirt,27,115,361,537
287.jpg,560,694,teeshirt,76,126,484,585
288.jpg,870,1110,teeshirt,49,166,612,859
289.jpg,1080,1620,teeshirt,66,190,946,1457
290.jpg,800,1000,teeshirt,62,121,735,872
291.jpg,1001,1400,teeshirt,274,229,774,876
292.jpg,980,1306,teeshirt,129,393,927,1187
293.jpg,760,1177,teeshirt,31,113,718,1076
294.jpg,626,800,teeshirt,109,111,533,659
295.jpg,600,900,teeshirt,104,229,600,841
296.jpg,445,543,teeshirt,71,120,389,534
297.jpg,870,1110,teeshirt,340,246,868,1034
298.jpg,222,333,teeshirt,9,40,218,289
299.jpg,800,1000,teeshirt,79,128,747,848
300.jpg,900,1200,teeshirt,42,74,858,1178
301.jpg,980,1306,teeshirt,2,351,887,1306
302.jpg,626,800,teeshirt,118,112,505,673
303.jpg,445,543,teeshirt,124,121,421,533
304.jpg,870,1110,teeshirt,164,273,759,1025
305.jpg,800,1000,teeshirt,29,113,750,886
306.jpg,980,1306,teeshirt,1,4,705,951
307.jpg,445,543,teeshirt,76,129,373,532
308.jpg,800,1000,teeshirt,20,127,771,866
309.jpg,870,1110,teeshirt,1,217,637,994
310.jpg,1001,1400,teeshirt,225,212,742,872
311.jpg,980,1306,teeshirt,1,5,967,1285
312.jpg,980,1306,teeshirt,201,1,974,861
313.jpg,900,1200,teeshirt,34,78,849,1120
316.jpg,870,1110,teeshirt,303,237,766,918
317.jpg,640,821,teeshirt,129,115,525,637
318.jpg,600,900,teeshirt,77,201,509,763
319.jpg,1000,990,teeshirt,142,73,845,988
320.jpg,222,333,teeshirt,7,43,215,293
321.jpg,800,1000,teeshirt,71,118,736,874
322.jpg,900,1200,teeshirt,74,25,852,1120
323.jpg,626,800,teeshirt,97,118,551,652
324.jpg,1001,1400,teeshirt,259,180,744,869
326.jpg,626,800,teeshirt,90,114,563,647
328.jpg,445,543,teeshirt,86,120,376,533
329.jpg,560,694,teeshirt,113,133,449,537
330.jpg,870,1110,teeshirt,369,235,749,851
331.jpg,1080,1620,teeshirt,106,170,938,1502
332.jpg,800,1000,teeshirt,74,121,739,851
333.jpg,1001,1400,teeshirt,240,210,757,857
334.jpg,980,1306,teeshirt,1,519,917,1305
335.jpg,760,1177,teeshirt,27,92,730,1104
336.jpg,626,800,teeshirt,95,109,535,680
337.jpg,600,900,teeshirt,75,210,552,825
338.jpg,445,543,teeshirt,73,110,369,479
339.jpg,871,1110,teeshirt,17,254,542,981
340.jpg,222,333,teeshirt,9,39,218,294
341.jpg,800,1000,teeshirt,70,125,733,851
342.jpg,900,1200,teeshirt,60,63,845,1073
343.jpg,626,800,teeshirt,105,109,542,641
344.jpg,445,543,teeshirt,86,126,402,515
345.jpg,870,1110,teeshirt,40,224,578,905
346.jpg,800,1000,teeshirt,33,118,741,901
347.jpg,980,1306,teeshirt,223,3,823,717
348.jpg,445,543,teeshirt,91,123,438,519
349.jpg,800,1000,teeshirt,23,110,783,859
350.jpg,871,1110,teeshirt,262,225,857,1015
351.jpg,1001,1400,teeshirt,248,204,740,861
352.jpg,980,1306,teeshirt,1,2,731,1009
353.jpg,980,1306,teeshirt,67,103,980,1051
354.jpg,900,1200,teeshirt,65,76,845,1113
357.jpg,871,1110,teeshirt,42,246,630,959
358.jpg,640,820,teeshirt,89,126,554,771
359.jpg,600,900,teeshirt,96,215,500,747
360.jpg,1000,990,teeshirt,189,1,845,988
361.jpg,222,333,teeshirt,9,32,215,298
362.jpg,800,1000,teeshirt,67,115,749,869
364.jpg,626,800,teeshirt,91,114,561,679
365.jpg,1001,1400,teeshirt,257,204,757,872
367.jpg,626,800,teeshirt,45,117,572,653
369.jpg,445,543,teeshirt,87,126,374,540
370.jpg,560,694,teeshirt,98,103,468,575
371.jpg,871,1110,teeshirt,34,237,491,842
372.jpg,1080,1620,teeshirt,123,182,958,1447
373.jpg,800,1000,teeshirt,77,121,726,881
374.jpg,1001,1400,teeshirt,270,204,765,846
375.jpg,980,1306,teeshirt,1,1,741,845
376.jpg,760,1177,teeshirt,54,172,720,1002
377.jpg,626,800,teeshirt,102,107,540,648
378.jpg,600,900,teeshirt,103,207,600,763
379.jpg,445,543,teeshirt,64,100,349,492
380.jpg,871,1110,teeshirt,100,237,686,1032
382.jpg,800,1000,teeshirt,65,121,721,859
383.jpg,900,1200,teeshirt,58,65,845,1063
384.jpg,626,800,teeshirt,87,117,558,641
385.jpg,445,543,teeshirt,59,142,397,535
386.jpg,870,1110,teeshirt,15,246,579,1013
387.jpg,800,1000,teeshirt,59,162,733,862
388.jpg,980,1306,teeshirt,13,227,829,1141
389.jpg,800,1000,teeshirt,30,124,779,846
390.jpg,871,1110,teeshirt,230,259,856,1012
391.jpg,1001,1400,teeshirt,238,223,731,869
392.jpg,980,1306,teeshirt,193,299,980,1304
393.jpg,980,1306,teeshirt,11,271,937,1223
394.jpg,900,1200,teeshirt,45,80,851,1114
397.jpg,870,1110,teeshirt,96,262,601,820
398.jpg,640,821,teeshirt,85,147,575,761
399.jpg,600,900,teeshirt,98,200,516,781
400.jpg,1000,990,teeshirt,167,5,827,987
401.jpg,222,333,teeshirt,9,59,213,273
402.jpg,800,1000,teeshirt,77,115,750,889
404.jpg,626,800,teeshirt,91,124,556,657
405.jpg,1001,1400,teeshirt,259,221,759,891
407.jpg,626,800,teeshirt,48,109,575,674
409.jpg,445,543,teeshirt,92,95,388,460
410.jpg,560,694,teeshirt,81,127,474,574
411.jpg,871,1110,teeshirt,46,224,662,962
412.jpg,1080,1620,teeshirt,1,2,976,1510
413.jpg,800,1000,teeshirt,65,109,736,889
414.jpg,1001,1400,teeshirt,265,218,740,848
415.jpg,980,1306,teeshirt,263,1,975,989
416.jpg,760,1177,teeshirt,25,220,718,943
417.jpg,626,800,teeshirt,117,112,540,652
418.jpg,600,900,teeshirt,77,243,520,803
419.jpg,445,543,teeshirt,83,89,384,499
420.jpg,870,1110,teeshirt,207,193,870,1011
421.jpg,222,333,teeshirt,10,42,217,297
422.jpg,800,1000,teeshirt,62,130,741,889
423.jpg,900,1200,teeshirt,69,65,851,1083
424.jpg,626,800,teeshirt,94,106,530,675
425.jpg,445,543,teeshirt,81,106,395,503
426.jpg,870,1110,teeshirt,68,217,566,849
427.jpg,980,1306,teeshirt,137,4,980,891
428.jpg,800,1000,teeshirt,9,156,761,862
429.jpg,871,1110,teeshirt,149,273,727,996
430.jpg,980,1306,teeshirt,271,8,980,1093
431.jpg,980,1306,teeshirt,113,311,925,1235
432.jpg,900,1200,teeshirt,40,65,838,1102
435.jpg,870,1110,teeshirt,34,239,600,778
436.jpg,640,821,teeshirt,120,152,530,665
437.jpg,600,900,teeshirt,103,206,511,766
438.jpg,1000,990,teeshirt,130,38,883,989
439.jpg,800,1000,teeshirt,58,127,727,881
440.jpg,900,1200,teeshirt,23,45,842,1185
441.jpg,626,800,teeshirt,92,119,552,701
442.jpg,1001,1400,teeshirt,265,223,746,863
444.jpg,626,800,teeshirt,53,118,578,651
446.jpg,445,543,teeshirt,76,104,323,445
447.jpg,560,694,teeshirt,76,74,482,584
448.jpg,871,1110,teeshirt,90,139,596,966
449.jpg,1080,1620,teeshirt,1,33,906,1300
450.jpg,800,1000,teeshirt,61,119,735,869
451.jpg,1001,1400,teeshirt,231,195,765,880
452.jpg,980,1306,teeshirt,97,287,825,1103
453.jpg,760,1177,teeshirt,45,195,714,993
454.jpg,626,800,teeshirt,86,109,550,658
455.jpg,600,900,teeshirt,1,149,597,900
456.jpg,445,543,teeshirt,44,118,405,516
457.jpg,870,1110,teeshirt,247,162,815,864
458.jpg,222,333,teeshirt,8,50,212,285
459.jpg,800,1000,teeshirt,83,124,717,872
460.jpg,900,1200,teeshirt,65,43,838,1156
461.jpg,626,800,teeshirt,73,114,562,662
462.jpg,445,543,teeshirt,112,114,390,498
463.jpg,870,1110,teeshirt,1,210,551,935
464.jpg,980,1306,teeshirt,17,529,950,1306
465.jpg,800,1000,teeshirt,33,131,765,851
466.jpg,871,1110,teeshirt,113,217,744,1052
467.jpg,980,1306,teeshirt,1,5,980,1295
468.jpg,980,1306,teeshirt,29,269,941,1233
469.jpg,900,1200,teeshirt,69,74,838,1107
472.jpg,871,1110,teeshirt,407,239,871,1016
473.jpg,640,821,teeshirt,65,142,577,786
474.jpg,600,900,teeshirt,81,200,504,755
475.jpg,1000,990,teeshirt,161,1,835,670
476.jpg,800,1000,teeshirt,79,140,750,875
477.jpg,900,1200,teeshirt,54,13,843,1127
478.jpg,626,800,teeshirt,134,101,517,662
479.jpg,1001,1400,teeshirt,270,223,746,874
481.jpg,626,800,teeshirt,80,118,553,659
483.jpg,445,543,teeshirt,97,115,375,495
484.jpg,560,694,teeshirt,97,106,475,599
485.jpg,870,1110,teeshirt,168,212,593,907
486.jpg,1080,1620,teeshirt,128,270,968,1390
487.jpg,800,1000,teeshirt,64,127,718,878
488.jpg,1001,1400,teeshirt,255,212,763,876
489.jpg,980,1306,teeshirt,179,343,807,1177
490.jpg,760,1177,teeshirt,52,174,734,1051
491.jpg,626,800,teeshirt,111,108,535,655
492.jpg,600,900,teeshirt,124,148,389,549
493.jpg,445,543,teeshirt,67,101,386,466
494.jpg,871,1110,teeshirt,117,251,696,918
495.jpg,222,333,teeshirt,3,41,222,291
496.jpg,900,1200,teeshirt,60,78,856,1136
497.jpg,626,800,teeshirt,129,112,505,655
498.jpg,445,543,teeshirt,26,102,319,489
499.jpg,870,1110,teeshirt,266,269,774,905
500.jpg,980,1306,teeshirt,1,283,705,1302
501.jpg,800,1000,teeshirt,64,130,747,878
502.jpg,871,1110,teeshirt,201,266,686,962
503.jpg,980,1306,teeshirt,111,30,980,981
504.jpg,980,1306,teeshirt,59,213,881,1299
508.jpg,871,1110,teeshirt,274,201,710,924
509.jpg,640,821,teeshirt,110,116,547,665
510.jpg,600,900,teeshirt,92,225,507,769
511.jpg,1000,990,teeshirt,155,34,837,990
512.jpg,800,1000,teeshirt,68,143,764,890
513.jpg,900,1200,teeshirt,31,47,840,1200
514.jpg,626,800,teeshirt,111,114,530,659
515.jpg,1001,1400,teeshirt,284,216,742,878
517.jpg,626,800,teeshirt,90,111,561,652
519.jpg,445,543,teeshirt,164,108,424,471
520.jpg,560,694,teeshirt,120,138,426,556
521.jpg,871,1110,teeshirt,1,254,544,1013
522.jpg,1080,1620,teeshirt,128,182,1001,1492
523.jpg,800,1000,teeshirt,77,119,735,859
524.jpg,1001,1400,teeshirt,287,221,750,874
526.jpg,760,1177,teeshirt,39,183,716,1015
527.jpg,626,800,teeshirt,113,117,509,652
528.jpg,600,900,teeshirt,1,338,598,900
529.jpg,445,543,teeshirt,113,105,436,542
530.jpg,870,1110,teeshirt,96,224,656,915
531.jpg,222,333,teeshirt,9,52,216,280
532.jpg,900,1200,teeshirt,32,54,834,1116
533.jpg,626,800,teeshirt,91,113,557,650
534.jpg,445,543,teeshirt,99,131,375,530
535.jpg,870,1110,teeshirt,303,186,830,949
536.jpg,980,1306,teeshirt,75,207,827,1127
537.jpg,800,1000,teeshirt,32,104,762,854
538.jpg,870,1110,teeshirt,281,239,801,1052
539.jpg,980,1306,teeshirt,4,1,715,885
540.jpg,980,1306,teeshirt,5,9,972,1306
541.jpg,900,1200,teeshirt,60,83,840,1093
544.jpg,871,1110,teeshirt,322,240,757,920
545.jpg,640,821,teeshirt,95,110,559,665
546.jpg,600,900,teeshirt,89,207,498,745
547.jpg,1000,990,teeshirt,105,8,853,990
548.jpg,800,1000,teeshirt,62,153,739,869
550.jpg,626,800,teeshirt,111,111,511,657
551.jpg,1001,1400,teeshirt,263,221,735,861
553.jpg,626,800,teeshirt,77,114,552,668
555.jpg,445,543,teeshirt,104,106,371,494
556.jpg,560,694,teeshirt,136,141,424,555
557.jpg,870,1110,teeshirt,7,234,644,981
558.jpg,1080,1620,teeshirt,68,205,981,1452
559.jpg,800,1000,teeshirt,71,110,747,878
560.jpg,1001,1400,teeshirt,272,218,748,852
561.jpg,980,1306,teeshirt,5,73,711,1233
562.jpg,760,1177,teeshirt,57,176,711,1002
563.jpg,626,800,teeshirt,51,118,555,659
564.jpg,600,900,teeshirt,159,170,561,697
565.jpg,445,543,teeshirt,87,114,394,498
566.jpg,871,1110,teeshirt,32,247,583,939
567.jpg,222,333,teeshirt,9,42,215,294
568.jpg,900,1125,teeshirt,90,62,826,1046
569.jpg,626,800,teeshirt,100,114,533,655
570.jpg,445,543,teeshirt,81,119,371,528
571.jpg,870,1110,teeshirt,112,257,739,966
572.jpg,980,1306,teeshirt,71,209,980,1296
573.jpg,800,1000,teeshirt,32,150,744,866
574.jpg,870,1110,teeshirt,57,252,695,1034
575.jpg,980,1306,teeshirt,153,281,980,1190
576.jpg,980,1306,teeshirt,283,227,825,817
580.jpg,870,1110,teeshirt,181,205,749,973
581.jpg,640,821,teeshirt,123,134,537,740
582.jpg,1000,990,teeshirt,151,1,820,987
583.jpg,800,1000,teeshirt,82,119,736,878
585.jpg,626,800,teeshirt,40,102,592,668
586.jpg,1001,1400,teeshirt,250,216,750,865
588.jpg,626,800,teeshirt,90,113,553,644
590.jpg,445,543,teeshirt,81,115,378,498
591.jpg,560,694,teeshirt,140,145,428,547
592.jpg,870,1110,teeshirt,171,256,693,981
593.jpg,1080,1620,teeshirt,151,217,933,1400
594.jpg,800,1000,teeshirt,65,122,739,865
595.jpg,1001,1400,teeshirt,261,225,733,850
597.jpg,760,1177,teeshirt,56,136,732,997
598.jpg,626,800,teeshirt,62,126,562,667
599.jpg,600,900,teeshirt,68,128,600,887
600.jpg,445,543,teeshirt,115,109,445,496
601.jpg,871,1110,teeshirt,169,222,759,968
602.jpg,222,333,teeshirt,10,38,217,294
603.jpg,900,1200,teeshirt,62,51,858,1074
604.jpg,626,800,teeshirt,119,112,516,644
605.jpg,445,543,teeshirt,74,120,357,513
606.jpg,870,1110,teeshirt,286,274,832,981
607.jpg,800,1000,teeshirt,24,160,762,850
608.jpg,871,1110,teeshirt,117,169,605,1061
609.jpg,980,1306,teeshirt,1,4,753,875
610.jpg,980,1306,teeshirt,1,1,973,881
614.jpg,870,1110,teeshirt,291,247,842,973
615.jpg,640,821,teeshirt,105,111,552,687
616.jpg,1000,990,teeshirt,150,4,851,990
617.jpg,800,1000,teeshirt,79,106,735,889
619.jpg,626,800,teeshirt,73,97,585,652
620.jpg,1001,1400,teeshirt,274,225,750,865
622.jpg,626,800,teeshirt,69,117,553,637
624.jpg,445,543,teeshirt,59,132,352,527
625.jpg,560,694,teeshirt,94,86,482,625
626.jpg,871,1110,teeshirt,1,256,581,1014
627.jpg,1080,1620,teeshirt,116,170,946,1470
628.jpg,800,1000,teeshirt,68,109,739,850
629.jpg,1001,1400,teeshirt,253,214,757,859
630.jpg,980,1306,teeshirt,95,105,777,1285
631.jpg,626,800,teeshirt,74,119,527,661
632.jpg,600,900,teeshirt,27,169,412,788
633.jpg,445,543,teeshirt,86,125,399,518
634.jpg,871,1110,teeshirt,118,218,785,1059
635.jpg,222,333,teeshirt,10,43,219,295
636.jpg,900,1200,teeshirt,65,69,847,1102
637.jpg,626,800,teeshirt,119,108,517,640
638.jpg,445,543,teeshirt,55,122,384,530
639.jpg,871,1110,teeshirt,157,264,635,929
640.jpg,800,1000,teeshirt,70,134,756,875
641.jpg,871,1110,teeshirt,139,232,685,1090
642.jpg,980,1306,teeshirt,177,1,968,1015
646.jpg,871,1110,teeshirt,244,239,788,851
647.jpg,640,821,teeshirt,128,170,533,639
648.jpg,1000,990,teeshirt,152,1,858,990
649.jpg,800,1000,teeshirt,68,112,738,842
651.jpg,626,800,teeshirt,103,112,535,664
652.jpg,1001,1400,teeshirt,248,225,744,872
654.jpg,626,800,teeshirt,58,117,572,659
656.jpg,445,543,teeshirt,153,101,422,487
657.jpg,560,694,teeshirt,66,117,493,587
658.jpg,870,1110,teeshirt,388,191,825,995
659.jpg,1080,1620,teeshirt,156,212,958,1455
660.jpg,800,1000,teeshirt,56,122,726,887
661.jpg,1001,1400,teeshirt,253,221,742,859
662.jpg,980,1306,teeshirt,85,45,763,1261
663.jpg,626,800,teeshirt,77,119,566,652
664.jpg,600,900,teeshirt,1,121,544,856
665.jpg,445,543,teeshirt,79,113,372,499
666.jpg,872,1110,teeshirt,125,191,702,1073
667.jpg,222,333,teeshirt,17,40,214,305
668.jpg,900,1200,teeshirt,87,62,831,1080
669.jpg,626,800,teeshirt,79,114,524,653
670.jpg,871,1110,teeshirt,37,198,627,832
671.jpg,800,1000,teeshirt,29,131,768,854
672.jpg,871,1110,teeshirt,212,218,768,976
673.jpg,980,1306,teeshirt,1,1,801,755
677.jpg,871,1110,teeshirt,44,278,481,988
678.jpg,640,821,teeshirt,143,167,523,641
679.jpg,1000,990,teeshirt,188,4,876,990
680.jpg,800,1000,teeshirt,76,116,752,828
682.jpg,626,800,teeshirt,68,103,583,670
683.jpg,1001,1400,teeshirt,248,208,750,880
685.jpg,626,800,teeshirt,74,114,581,650
687.jpg,445,543,teeshirt,52,94,309,457
688.jpg,560,694,teeshirt,113,100,466,598
689.jpg,870,1110,teeshirt,337,161,798,886
690.jpg,1080,1620,teeshirt,131,160,971,1500
691.jpg,800,1000,teeshirt,80,127,733,877
692.jpg,1001,1400,teeshirt,267,212,765,874
693.jpg,980,1306,teeshirt,35,271,799,1203
694.jpg,626,800,teeshirt,70,116,559,667
695.jpg,600,900,teeshirt,97,252,481,706
696.jpg,445,543,teeshirt,56,122,408,519
697.jpg,871,1110,teeshirt,188,230,791,1047
698.jpg,222,333,teeshirt,14,31,209,297
699.jpg,900,1200,teeshirt,76,58,827,1074
700.jpg,626,800,teeshirt,116,113,530,676
701.jpg,871,1110,teeshirt,18,246,561,995
702.jpg,800,1000,teeshirt,26,113,795,887
703.jpg,871,1110,teeshirt,76,237,730,976
704.jpg,980,1306,teeshirt,1,3,919,1107
708.jpg,870,1110,teeshirt,71,229,664,973
709.jpg,640,821,teeshirt,137,157,513,675
710.jpg,1000,990,teeshirt,162,248,897,990
711.jpg,800,1000,teeshirt,39,127,741,866
713.jpg,626,800,teeshirt,134,106,497,663
714.jpg,1001,1400,teeshirt,259,214,748,872
716.jpg,626,800,teeshirt,92,118,542,650
718.jpg,445,543,teeshirt,82,119,373,499
719.jpg,560,694,teeshirt,77,124,480,582
720.jpg,871,1110,teeshirt,310,229,871,944
721.jpg,1080,1620,teeshirt,108,277,958,1450
722.jpg,800,1000,teeshirt,85,121,744,854
723.jpg,1001,1400,teeshirt,265,214,742,876
724.jpg,980,1306,teeshirt,191,415,795,1285
725.jpg,626,800,teeshirt,118,126,540,681
726.jpg,600,900,teeshirt,40,125,511,758
727.jpg,445,543,teeshirt,50,104,398,513
728.jpg,871,1110,teeshirt,3,317,669,1047
729.jpg,222,333,teeshirt,10,38,214,288
730.jpg,900,1200,teeshirt,47,78,854,1167
731.jpg,626,800,teeshirt,113,120,534,661
732.jpg,871,1110,teeshirt,34,190,574,956
733.jpg,800,1000,teeshirt,30,124,773,881
734.jpg,871,1110,teeshirt,5,210,617,1018
735.jpg,980,1306,teeshirt,1,1,635,889
739.jpg,870,1110,teeshirt,52,247,501,932
740.jpg,640,821,teeshirt,127,131,529,666
741.jpg,1000,990,teeshirt,150,1,849,911
742.jpg,800,1000,teeshirt,105,107,732,878
744.jpg,1001,1400,teeshirt,248,197,757,880
746.jpg,626,800,teeshirt,100,111,551,641
748.jpg,445,543,teeshirt,91,110,357,518
749.jpg,560,694,teeshirt,83,112,480,566
750.jpg,870,1110,teeshirt,340,200,839,888
751.jpg,1080,1620,teeshirt,108,270,978,1387
752.jpg,800,1000,teeshirt,56,118,742,877
753.jpg,1001,1400,teeshirt,265,227,757,865
754.jpg,980,1306,teeshirt,247,77,935,969
755.jpg,626,800,teeshirt,78,117,546,647
756.jpg,600,900,teeshirt,107,143,453,723
757.jpg,445,543,teeshirt,76,102,336,476
758.jpg,870,1110,teeshirt,144,259,679,1005
759.jpg,222,333,teeshirt,8,41,215,297
760.jpg,900,1200,teeshirt,20,73,867,1160
761.jpg,626,800,teeshirt,74,91,563,668
762.jpg,870,1110,teeshirt,205,208,857,1018
763.jpg,800,1000,teeshirt,42,154,759,848
764.jpg,870,1110,teeshirt,274,220,870,939
768.jpg,870,1110,teeshirt,276,215,870,967
769.jpg,640,821,teeshirt,128,160,520,637
770.jpg,1000,990,teeshirt,127,2,864,990
771.jpg,800,1000,teeshirt,53,125,759,854
773.jpg,1001,1400,teeshirt,238,221,780,957
775.jpg,626,800,teeshirt,92,106,556,662
777.jpg,445,543,teeshirt,115,103,401,495
778.jpg,560,694,teeshirt,98,125,480,570
779.jpg,870,1110,teeshirt,220,195,681,840
780.jpg,1080,1620,teeshirt,161,345,991,1330
781.jpg,800,1000,teeshirt,61,116,724,889
782.jpg,1001,1400,teeshirt,238,227,767,867
783.jpg,980,1306,teeshirt,169,459,749,1281
784.jpg,626,800,teeshirt,90,108,536,667
785.jpg,600,900,teeshirt,153,12,600,861
786.jpg,445,543,teeshirt,72,125,357,499
787.jpg,870,1110,teeshirt,1,225,607,993
788.jpg,222,333,teeshirt,9,37,215,296
789.jpg,900,1125,teeshirt,83,63,810,1041
790.jpg,626,800,teeshirt,70,107,578,658
791.jpg,870,1110,teeshirt,29,183,573,888
792.jpg,800,1000,teeshirt,45,134,755,880
793.jpg,870,1110,teeshirt,281,205,812,881
797.jpg,870,1110,teeshirt,203,203,798,962
798.jpg,640,821,teeshirt,105,127,539,710
799.jpg,1000,990,teeshirt,164,1,849,731
800.jpg,800,1000,teeshirt,92,139,733,889
802.jpg,1001,1400,teeshirt,261,212,748,880
804.jpg,626,800,teeshirt,101,112,540,663
806.jpg,445,543,teeshirt,60,101,326,466
807.jpg,560,694,teeshirt,74,101,495,593
808.jpg,870,1110,teeshirt,291,291,832,1001
809.jpg,1080,1620,teeshirt,76,320,978,1342
810.jpg,800,1000,teeshirt,61,124,736,874
811.jpg,1001,1400,teeshirt,259,233,750,869
812.jpg,980,1306,teeshirt,1,1,951,861
813.jpg,626,800,teeshirt,111,114,536,650
814.jpg,600,900,teeshirt,92,173,583,823
815.jpg,445,543,teeshirt,81,108,375,481
816.jpg,870,1110,teeshirt,257,227,781,954
817.jpg,222,333,teeshirt,6,46,217,293
818.jpg,900,1200,teeshirt,69,74,849,1125
819.jpg,626,800,teeshirt,73,118,558,641
820.jpg,870,1110,teeshirt,186,203,668,878
822.jpg,870,1110,teeshirt,369,252,859,995
826.jpg,871,1110,teeshirt,195,181,703,901
827.jpg,640,821,teeshirt,107,120,558,780
828.jpg,1000,990,teeshirt,141,35,859,989
829.jpg,800,1000,teeshirt,73,115,758,875
831.jpg,1001,1400,teeshirt,261,227,753,895
833.jpg,626,800,teeshirt,91,105,535,659
835.jpg,445,543,teeshirt,133,1,402,469
836.jpg,560,694,teeshirt,141,137,426,562
837.jpg,871,1110,teeshirt,185,237,742,988
838.jpg,1080,1620,teeshirt,151,227,986,1427
839.jpg,800,1000,teeshirt,65,122,727,880
840.jpg,1001,1400,teeshirt,265,225,748,869
841.jpg,980,1306,teeshirt,157,213,861,1183
842.jpg,626,800,teeshirt,94,116,545,657
843.jpg,600,900,teeshirt,124,96,501,741
844.jpg,445,543,teeshirt,67,99,379,510
845.jpg,871,1110,teeshirt,47,164,705,978
846.jpg,222,333,teeshirt,6,46,214,286
847.jpg,900,1200,teeshirt,60,60,832,1069
848.jpg,626,800,teeshirt,53,118,570,655
849.jpg,870,1110,teeshirt,3,190,522,957
850.jpg,800,1000,teeshirt,21,142,782,874
851.jpg,870,1110,teeshirt,1,430,778,1108
855.jpg,870,1110,teeshirt,124,256,756,1051
856.jpg,640,820,teeshirt,113,102,523,780
857.jpg,1000,990,teeshirt,161,28,835,990
858.jpg,800,1000,teeshirt,79,121,744,822
860.jpg,1001,1400,teeshirt,253,231,780,850
862.jpg,626,800,teeshirt,86,112,535,655
864.jpg,445,543,teeshirt,97,98,368,482
865.jpg,560,694,teeshirt,83,121,481,555
866.jpg,870,1110,teeshirt,124,244,478,905
867.jpg,1080,1620,teeshirt,96,250,1003,1447
868.jpg,800,1000,teeshirt,65,115,739,856
869.jpg,1001,1400,teeshirt,257,221,767,852
870.jpg,980,1306,teeshirt,43,411,980,1302
871.jpg,626,800,teeshirt,64,117,552,662
872.jpg,600,900,teeshirt,45,225,600,874
873.jpg,445,543,teeshirt,109,114,341,494
874.jpg,871,1110,teeshirt,66,257,596,995
875.jpg,222,333,teeshirt,7,32,214,303
876.jpg,900,1200,teeshirt,29,71,838,1140
877.jpg,626,800,teeshirt,89,117,553,707
878.jpg,871,1110,teeshirt,71,237,554,905
879.jpg,800,1000,teeshirt,65,139,762,853
880.jpg,870,1110,teeshirt,183,239,720,968
884.jpg,871,1110,teeshirt,178,222,698,927
885.jpg,640,821,teeshirt,99,134,552,716
886.jpg,1000,990,teeshirt,145,1,850,685
887.jpg,800,1000,teeshirt,52,134,747,850
889.jpg,1001,1400,teeshirt,240,246,806,901
891.jpg,626,800,teeshirt,75,102,568,651
893.jpg,445,543,teeshirt,58,93,351,451
894.jpg,560,694,teeshirt,110,132,460,586
895.jpg,871,1110,teeshirt,112,240,610,937
896.jpg,1080,1620,teeshirt,198,275,966,1417
897.jpg,800,1000,teeshirt,64,125,738,872
898.jpg,1001,1400,teeshirt,261,204,735,852
899.jpg,980,1306,teeshirt,3,219,801,1261
900.jpg,626,800,teeshirt,89,108,552,645
901.jpg,600,900,teeshirt,79,159,590,754
902.jpg,445,543,teeshirt,130,111,386,481
903.jpg,870,1110,teeshirt,240,212,676,962
904.jpg,222,333,teeshirt,11,38,216,295
905.jpg,900,1200,teeshirt,54,69,822,1100
906.jpg,626,800,teeshirt,103,112,545,652
907.jpg,870,1110,teeshirt,257,240,676,1032
908.jpg,800,1000,teeshirt,49,146,785,854
909.jpg,871,1110,teeshirt,3,217,501,851
913.jpg,870,1110,teeshirt,173,217,618,927
914.jpg,640,821,teeshirt,149,111,523,635
915.jpg,1000,990,teeshirt,53,1,714,663
916.jpg,800,1000,teeshirt,74,112,726,877
918.jpg,1001,1400,teeshirt,255,225,761,874
920.jpg,626,800,teeshirt,85,114,555,664
922.jpg,445,543,teeshirt,84,115,390,523
923.jpg,560,694,teeshirt,141,143,422,545
924.jpg,871,1110,teeshirt,118,257,729,1071
925.jpg,1080,1620,teeshirt,101,265,986,1382
926.jpg,800,1000,teeshirt,49,107,723,860
927.jpg,1001,1400,teeshirt,267,214,753,857
928.jpg,980,1306,teeshirt,83,149,829,1101
929.jpg,626,800,teeshirt,95,116,536,664
930.jpg,600,900,teeshirt,96,229,522,785
931.jpg,445,543,teeshirt,49,116,370,457
932.jpg,871,1110,teeshirt,322,283,871,1025
933.jpg,222,333,teeshirt,14,59,213,284
934.jpg,900,1200,teeshirt,43,85,854,1098
935.jpg,626,800,teeshirt,74,122,572,681
936.jpg,870,1110,teeshirt,68,225,652,1005
937.jpg,800,1000,teeshirt,32,133,745,857
938.jpg,870,1110,teeshirt,301,230,866,946
942.jpg,870,1110,teeshirt,291,220,832,962
943.jpg,640,820,teeshirt,75,132,589,807
944.jpg,1000,990,teeshirt,148,1,853,949
945.jpg,800,1000,teeshirt,62,107,735,883
947.jpg,1001,1400,teeshirt,263,197,767,869
949.jpg,626,800,teeshirt,35,118,563,674
951.jpg,445,543,teeshirt,110,109,405,514
952.jpg,560,694,teeshirt,118,119,469,606
953.jpg,871,1110,teeshirt,110,222,686,924
954.jpg,1080,1620,teeshirt,123,212,953,1430
955.jpg,800,1000,teeshirt,68,119,747,862
956.jpg,1001,1400,teeshirt,235,218,755,855
957.jpg,980,1306,teeshirt,25,261,974,1306
958.jpg,626,800,teeshirt,102,118,555,659
959.jpg,600,900,teeshirt,71,175,492,711
960.jpg,445,543,teeshirt,170,96,415,455
961.jpg,870,1110,teeshirt,239,224,766,983
962.jpg,222,333,teeshirt,6,51,217,289
963.jpg,900,1200,teeshirt,51,53,856,1176
964.jpg,626,800,teeshirt,64,112,596,675
965.jpg,871,1110,teeshirt,95,234,681,935
966.jpg,800,1000,teeshirt,42,121,800,856
967.jpg,870,1110,teeshirt,10,237,691,1035
971.jpg,871,1110,teeshirt,190,212,715,986
972.jpg,640,820,teeshirt,94,127,548,804
973.jpg,1000,990,teeshirt,150,1,845,934
974.jpg,800,1000,teeshirt,71,107,750,877
976.jpg,1001,1400,teeshirt,250,210,744,893
978.jpg,626,800,teeshirt,91,109,542,663
980.jpg,445,543,teeshirt,28,95,313,529
981.jpg,560,694,teeshirt,70,111,485,631
982.jpg,870,1110,teeshirt,5,222,585,1029
983.jpg,1080,1620,teeshirt,128,260,941,1462
984.jpg,800,1000,teeshirt,71,109,758,877
985.jpg,1001,1400,teeshirt,282,229,804,878
986.jpg,980,1306,teeshirt,177,301,899,1125
987.jpg,626,800,teeshirt,90,114,541,668
988.jpg,600,900,teeshirt,103,330,600,898
989.jpg,445,543,teeshirt,121,120,358,494
990.jpg,871,1110,teeshirt,152,196,720,917
991.jpg,222,333,teeshirt,18,28,215,308
992.jpg,900,1200,teeshirt,63,53,847,1127
993.jpg,626,800,teeshirt,42,112,583,664
994.jpg,871,1110,teeshirt,24,225,588,1008
995.jpg,800,1000,teeshirt,67,140,789,850
996.jpg,871,1110,teeshirt,95,268,479,795
